[{"Country Name":"France","Gross domestic product based on Purchasing-Power-Parity (PPP) valuation of Country GDP in Billions (Current International Dollar) 2013":"25544.72"},{"Country Name":"USA","Gross domestic product based on Purchasing-Power-Parity (PPP) valuation of Country GDP in Billions (Current International Dollar) 2013":"16663.15"},{"Country Name":"China","Gross domestic product based on Purchasing-Power-Parity (PPP) valuation of Country GDP in Billions (Current International Dollar) 2013":"16585"},{"Country Name":"India","Gross domestic product based on Purchasing-Power-Parity (PPP) valuation of Country GDP in Billions (Current International Dollar) 2013":"6796.13"},{"Country Name":"Japan","Gross domestic product based on Purchasing-Power-Parity (PPP) valuation of Country GDP in Billions (Current International Dollar) 2013":"4694.85"},{"Country Name":"Germany","Gross domestic product based on Purchasing-Power-Parity (PPP) valuation of Country GDP in Billions (Current International Dollar) 2013":"3630.15"},{"Country Name":"Russia","Gross domestic product based on Purchasing-Power-Parity (PPP) valuation of Country GDP in Billions (Current International Dollar) 2013":"3498.04"},{"Country Name":"Brazil","Gross domestic product based on Purchasing-Power-Parity (PPP) valuation of Country GDP in Billions (Current International Dollar) 2013":"3218.2"},{"Country Name":"Indonesia","Gross domestic product based on Purchasing-Power-Parity (PPP) valuation of Country GDP in Billions (Current International Dollar) 2013":"2516.06"},{"Country Name":"United Kingdom","Gross domestic product based on Purchasing-Power-Parity (PPP) valuation of Country GDP in Billions (Current International Dollar) 2013":"2454.23"},{"Country Name":"Italy","Gross domestic product based on Purchasing-Power-Parity (PPP) valuation of Country GDP in Billions (Current International Dollar) 2013":"2109.84"},{"Country Name":"Mexico","Gross domestic product based on Purchasing-Power-Parity (PPP) valuation of Country GDP in Billions (Current International Dollar) 2013":"2069.84"},{"Country Name":"Republic of Korea","Gross domestic product based on Purchasing-Power-Parity (PPP) valuation of Country GDP in Billions (Current International Dollar) 2013":"1698.88"},{"Country Name":"Canada","Gross domestic product based on Purchasing-Power-Parity (PPP) valuation of Country GDP in Billions (Current International Dollar) 2013":"1532.79"},{"Country Name":"Saudi Arabia","Gross domestic product based on Purchasing-Power-Parity (PPP) valuation of Country GDP in Billions (Current International Dollar) 2013":"1530.54"},{"Country Name":"Turkey","Gross domestic product based on Purchasing-Power-Parity (PPP) valuation of Country GDP in Billions (Current International Dollar) 2013":"1448.17"},{"Country Name":"Australia","Gross domestic product based on Purchasing-Power-Parity (PPP) valuation of Country GDP in Billions (Current International Dollar) 2013":"1053.23"},{"Country Name":"Argentina","Gross domestic product based on Purchasing-Power-Parity (PPP) valuation of Country GDP in Billions (Current International Dollar) 2013":"931.3"},{"Country Name":"South Africa","Gross domestic product based on Purchasing-Power-Parity (PPP) valuation of Country GDP in Billions (Current International Dollar) 2013":"685.22"}]